"wid","agegroup","gender","hand","thirdgrade_usa","thirdgrade_usa_region","s1_dae","s1_time","s2_dae","s2_time","s3_dae","s3_time","db_version"
"0180","61+","Female","Right","TRUE","Midwest","0","Late Morning","28","Late Morning","66","Late Morning","version5"
"0410","18-24","Female","Right","TRUE","Midwest","0","Late Afternoon","32","Late Evening","54","Early Evening","version5"
"0593","18-24","Male","Left","TRUE","Midwest","0","Late evening (later than 7:30pm)","30","Late evening (later than 7:30pm)","61","Early evening (5pm-7:30pm)","version5"
"0520","18-24","Female","Right","TRUE","Midwest","0","Late Evening","26","Late Morning","54","Late Morning","version5"
"0233","18-24","Male","Right","FALSE","NA","340","Late Evening","380","Late Evening","0","Late Evening","version5"
"0035","41-60","female","right","FALSE","NA","0","lateevening","24","latemorning","64","earlyevening","version5"
"0661","18-24","Female","Right","TRUE","Midwest","0","Late Afternoon","41","Late Afternoon","57","Late Evening","version5"
"0420","18-24","Female","Right","TRUE","NA","0","Late Afternoon","52","Early Afternoon","73","Late Afternoon","version5"
"0062","41-60","female","right","TRUE","midwest","0","lateevening","54","latemorning","98","earlyevening","version5"
"0572","18-24","Female","Right","TRUE","Midwest","0","Late morning (9:30am-12:00pm)","24","Late morning (9:30am-12:00pm)","54","Early afternoon (12:00pm-2:30pm)","version5"
"0581","41-60","Male","Right","TRUE","South","0","Late afternoon (2:30pm-5pm)","22","Late morning (9:30am-12:00pm)","50","Early afternoon (12:00pm-2:30pm)","version5"
"0411","18-24","Female","Right","FALSE","NA","0","Late Evening","30","Late Afternoon","49","Late Afternoon","version5"
"0552","18-24","Female","Right","TRUE","Northeast","0","Late afternoon (2:30pm-5pm)","27","Late afternoon (2:30pm-5pm)","49","Early evening (5pm-7:30pm)","version5"
"0435","18-24","Female","Right","TRUE","Midwest","0","Late Evening","42","Early Afternoon","66","Early Morning","version5"
"0042","25-40","Female","Right","TRUE","South","0","Late Morning","97","Late Morning","31","Late Morning","version5"
"0189","18-24","Female","Right","TRUE","Midwest","0","Late Morning","33","Late Evening","72","Early Afternoon","version5"
"0473","18-24","Male","Right","TRUE","Midwest","0","Late Morning","22","Early Afternoon","56","Late Evening","version5"
"0094","41-60","female","right","TRUE","south","0","lateevening","44","lateevening","79","earlyevening","version5"
"0590","61+","Male","Right","TRUE","Midwest","0","Early afternoon (12:00pm-2:30pm)","23","Late morning (9:30am-12:00pm)","57","Early morning (earlier than 9:30am)","version5"
"0191","25-40","Female","Right","TRUE","Midwest","0","Early Afternoon","61","Late Morning","270","Late Evening","version5"
"0030","18-24","male","right","TRUE","midwest","0","NA","23","latemorning","54","lateafternoon","version5"
"0486","18-24","Female","Right","TRUE","Midwest","0","Late Afternoon","21","Late Evening","68","Early Evening","version5"
"0375","41-60","Male","Left","FALSE","NA","0","Late Evening","NA","NA","242","Early Afternoon","version5"
"0372","18-24","Female","Right","TRUE","Midwest","0","Late Morning","34","Late Afternoon","59","Late Morning","version5"
"0319","25-40","Female","Right","TRUE","West","0","Early Afternoon","34","Early Morning","72","Early Morning","version5"
"0177","18-24","Female","Right","TRUE","Midwest","0","Early Evening","70","Early Afternoon","94","Late Morning","version5"
"0589","41-60","Male","Right","TRUE","Midwest","0","Late afternoon (2:30pm-5pm)","21","Late evening (later than 7:30pm)","48","Late evening (later than 7:30pm)","version5"
"0541","18-24","Male","Left","TRUE","Midwest","0","Late Morning","24","Late Afternoon","49","Early Morning","version5"
"0487","25-40","Male","Right","FALSE","NA","0","Late Morning","42","Early Afternoon","91","Early Evening","version5"
"0417","18-24","Male","Right","TRUE","Midwest","0","Early evening (5pm-7:30pm)","24","Late morning (9:30am-12:00pm)","78","Late morning (9:30am-12:00pm)","version5"
"0206","41-60","Female","Right","TRUE","Midwest","0","Early Evening","45","Early Evening","80","Late Afternoon","version5"
"0406","18-24","Female","Right","TRUE","Midwest","0","Early Afternoon","22","Late Evening","49","Late Evening","version5"
"0547","18-24","Female","Right","TRUE","South","0","Early afternoon (12:00pm-2:30pm)","33","Early morning (earlier than 9:30am)","63","Early evening (5pm-7:30pm)","version5"
"0717","18-24","Female","Right","TRUE","West","0","Early afternoon (12:00pm-2:30pm)","53","Late morning (9:30am-12:00pm)","169","Late evening (later than 7:30pm)","version5"
"0070","25-40","male","right","TRUE","midwest","0","earlyafternoon","21","earlyafternoon","58","latemorning","version5"
"0049","41-60","Female","Right","TRUE","Northeast","0","Early Afternoon","41","Early Afternoon","77","Early Afternoon","version5"
"0419","18-24","Female","Right","TRUE","West","0","Late Afternoon","23","Late Afternoon","50","Late Evening","version5"
"0344","25-40","Female","Right","TRUE","South","0","Late Morning","26","Early Evening","67","Early Evening","version5"
"0212","61+","Female","Right","TRUE","Midwest","0","Early Afternoon","55","Late Afternoon","266","Late Afternoon","version5"
"0399","25-40","Female","Right","TRUE","West","0","Late Evening","168","Late Evening","216","Late Evening","version5"
"0244","41-60","Female","Right","TRUE","Midwest","0","Late Morning","23","Early Afternoon","117","Late Morning","version5"
"0471","18-24","Male","Right","TRUE","Midwest","0","Late Morning","20","Late Evening","44","Late Afternoon","version5"
"0083","25-40","female","right","TRUE","midwest","0","lateafternoon","29","latemorning","61","lateafternoon","version5"
"0518","18-24","Female","Right","TRUE","Midwest","0","Early Evening","47","Late morning (9:30am-12:00pm)","47","Late Morning","version5"
"0602","18-24","Female","Right","TRUE","Midwest","0","Early afternoon (12:00pm-2:30pm)","37","Early evening (5pm-7:30pm)","63","Late morning (9:30am-12:00pm)","version5"
"0122","18-24","female","right","TRUE","midwest","0","earlyafternoon","40","earlyafternoon","86","lateevening","version5"
"0566","41-60","Female","Right","TRUE","Midwest","NA","NA","0","Early evening (5pm-7:30pm)","21","Early evening (5pm-7:30pm)","version5"
"0679","18-24","Female","Right","TRUE","Midwest","0","Early evening (5pm-7:30pm)","22","Late evening (later than 7:30pm)","52","Late afternoon (2:30pm-5pm)","version5"
"0553","18-24","Female","Right","TRUE","Northeast","0","Late morning (9:30am-12:00pm)","28","Early evening (5pm-7:30pm)","62","Early afternoon (12:00pm-2:30pm)","version5"
"0595","18-24","Male","Right","TRUE","Midwest","0","Late evening (later than 7:30pm)","28","Late evening (later than 7:30pm)","50","Late afternoon (2:30pm-5pm)","version5"
"0315","18-24","Female","Right","TRUE","Northeast","0","Early Afternoon","35","Late Afternoon","93","Late Evening","version5"
"0705","41-60","Female","Right","TRUE","Midwest","0","Late morning (9:30am-12:00pm)","21","Late morning (9:30am-12:00pm)","53","Late afternoon (2:30pm-5pm)","version5"
"0010","18-24","female","right","TRUE","midwest","0","earlyafternoon","21","earlyafternoon","58","latemorning","version5"
"0415","61+","Female","Right","TRUE","NA","0","Early morning (earlier than 9:30am)","40","Early morning (earlier than 9:30am)","73","Early afternoon (12:00pm-2:30pm)","version5"
"0314","18-24","Female","Right","TRUE","Midwest","0","Early Afternoon","35","Early Afternoon","84","Late Evening","version5"
"0561","25-40","Female","Right","TRUE","Midwest","0","Late afternoon (2:30pm-5pm)","28","Early morning (earlier than 9:30am)","57","Early afternoon (12:00pm-2:30pm)","version5"
"0521","18-24","Female","Right","TRUE","Midwest","0","Late Afternoon","22","Late Morning","44","Early Evening","version5"
"0356","18-24","Female","Right","TRUE","Midwest","0","Early Afternoon","21","Early Evening","42","Early Morning","version5"
"0492","25-40","Female","Right","FALSE","NA","0","Late Afternoon","25","Early Afternoon","46","Early Evening","version5"
"0425","25-40","Male","Right","FALSE","NA","0","Late Evening","32","Late Morning","61","Late Evening","version5"
"0555","18-24","Female","Right","TRUE","Midwest","0","Early evening (5pm-7:30pm)","49","Early evening (5pm-7:30pm)","94","Early afternoon (12:00pm-2:30pm)","version5"
"0476","25-40","Female","Right","TRUE","South","0","Early Afternoon","20","Late morning (9:30am-12:00pm)","138","Late Morning","version5"
"0254","18-24","Female","Right","TRUE","Midwest","0","Early Afternoon","35","Early Afternoon","84","Late Evening","version5"
"0528","18-24","Male","Right","TRUE","Midwest","0","Early Evening","59","Late Afternoon","95","Late Afternoon","version5"
"0339","25-40","Female","Right","TRUE","South","0","Late Morning","28","Late Afternoon","61","Early Afternoon","version5"
"0305","41-60","Female","Right","TRUE","Midwest","0","Early Evening","48","Late Afternoon","86","Late Afternoon","version5"
"0514","25-40","Female","Right","TRUE","Midwest","0","Late Morning","22","Early Morning","60","Late Evening","version5"
"0629","41-60","Female","Right","TRUE","Midwest","0","Late afternoon (2:30pm-5pm)","22","Late morning (9:30am-12:00pm)","50","Late afternoon (2:30pm-5pm)","version5"
"0392","18-24","Female","Right","TRUE","Midwest","0","Late Morning","31","Early Evening","61","Late Afternoon","version5"
"0162","25-40","Female","Right","TRUE","Midwest","0","Late Afternoon","76","Early Afternoon","116","Late Morning","version5"
"0683","18-24","Female","Right","TRUE","West","0","Late afternoon (2:30pm-5pm)","123","Late evening (later than 7:30pm)","157","Late morning (9:30am-12:00pm)","version5"
"0441","18-24","Male","Right","TRUE","Midwest","0","Early Afternoon","27","Late Afternoon","49","Early Afternoon","version5"
"0460","18-24","Male","Right","TRUE","Midwest","0","Late Afternoon","22","Late Afternoon","74","Late Evening","version5"
"0061","25-40","female","right","TRUE","south","0","earlyafternoon","23","earlyafternoon","48","latemorning","version5"
"0150","41-60","Female","Right","TRUE","Midwest","0","Late Morning","105","Late Evening","200","Early Evening","version5"
"0596","18-24","Male","Right","TRUE","Midwest","0","Late evening (later than 7:30pm)","77","Early morning (earlier than 9:30am)","115","Late morning (9:30am-12:00pm)","version5"
"0270","25-40","Female","Left","TRUE","Midwest","0","Early Afternoon","29","Early Afternoon","85","Late Afternoon","version5"
"0522","18-24","Female","Right","TRUE","Midwest","0","Late Afternoon","23","Late Afternoon","49","Late Afternoon","version5"
"0648","41-60","Male","Left","TRUE","Midwest","0","Early evening (5pm-7:30pm)","28","Late morning (9:30am-12:00pm)","56","Late evening (later than 7:30pm)","version5"
"0452","41-60","Female","Right","TRUE","Midwest","0","Early Afternoon","27","Late Morning","56","Early Evening","version5"
"0276","61+","Female","Right","TRUE","Midwest","0","Late Evening","207","Late Evening","236","Early Afternoon","version5"
"0483","18-24","Female","Right","TRUE","Midwest","0","Early Afternoon","221","Late Evening","189","Early Afternoon","version5"
"0580","18-24","Male","Right","TRUE","Midwest","0","Late evening (later than 7:30pm)","42","Early evening (5pm-7:30pm)","76","Early afternoon (12:00pm-2:30pm)","version5"
"0006","18-24","male","right","TRUE","midwest","0","earlyevening","42","lateevening","82","earlyevening","version5"
"0454","18-24","Female","Left","FALSE","NA","0","Late Evening","NA","NA","242","Early Afternoon","version5"
"0218","18-24","Male","Left","TRUE","South","0","Early Evening","42","Late Afternoon","82","Late Afternoon","version5"
"0401","18-24","Female","Ambidextrous","TRUE","Midwest","33","Early Morning","0","Early Evening","34","Late Evening","version5"
"0701","41-60","Female","Right","TRUE","Midwest","0","Late afternoon (2:30pm-5pm)","22","Early afternoon (12:00pm-2:30pm)","48","Late evening (later than 7:30pm)","version5"
"0474","NA","NA","NA","NA","NA","0","NA","NA","Late afternoon (2:30pm-5pm)","NA","Early afternoon (12:00pm-2:30pm)","version5"
"0711","41-60","Female","Right","TRUE","South","0","Late morning (9:30am-12:00pm)","32","Late evening (later than 7:30pm)","69","Early morning (earlier than 9:30am)","version5"
"0362","18-24","Female","Right","TRUE","Midwest","0","Late Afternoon","29","Early Afternoon","58","Early Afternoon","version5"
"0515","41-60","Female","Right","TRUE","Midwest","0","Early Evening","41","Late Evening","67","Late Evening","version5"
"0299","25-40","Male","Right","FALSE","NA","0","Late Morning","104","Early Morning","175","Early Morning","version5"
"0450","25-40","Female","Right","TRUE","Midwest","0","Early Afternoon","47","Early Morning","71","Late Afternoon","version5"
"0359","18-24","Male","Right","FALSE","NA","0","Late Afternoon","22","Late Morning","NA","NA","version5"
"0675","18-24","Female","Right","TRUE","South","0","Early afternoon (12:00pm-2:30pm)","19","Early afternoon (12:00pm-2:30pm)","37","Early afternoon (12:00pm-2:30pm)","version5"
"0182","41-60","Male","Right","FALSE","NA","0","Late Evening","93","Early Afternoon","132","Early Morning","version5"
"0357","18-24","Male","Right","TRUE","Midwest","0","Late Afternoon","23","Late Evening","48","Late Afternoon","version5"
"0175","18-24","Female","Left","TRUE","Midwest","0","Late Evening","78","Late Morning","99","Late Morning","version5"
"0628","25-40","Female","Right","FALSE","NA","0","Early morning (earlier than 9:30am)","21","Early afternoon (12:00pm-2:30pm)","42","Early afternoon (12:00pm-2:30pm)","version5"
"0384","18-24","Female","Right","TRUE","Midwest","0","Early Evening","27","Early Afternoon","62","Late Morning","version5"
"0658","61+","Male","Right","TRUE","Midwest","0","Late evening (later than 7:30pm)","36","Late evening (later than 7:30pm)","68","Late evening (later than 7:30pm)","version5"
"0493","NA","Female","Left","TRUE","Midwest","0","NA","29","Early Evening","110","Early Afternoon","version5"
"0646","18-24","Female","Right","TRUE","Midwest","0","Late evening (later than 7:30pm)","21","Late evening (later than 7:30pm)","49","Late evening (later than 7:30pm)","version5"
"0484","18-24","Female","Left","TRUE","Midwest","0","Late Afternoon","26","Early Evening","73","Early Afternoon","version5"
"0238","41-60","Female","Right","TRUE","West","0","Late Evening","33","Late Afternoon","75","Early Evening","version5"
"0058","18-24","Female","Right","TRUE","Midwest","0","Late Evening","72","Early Afternoon","101","Early Afternoon","version5"
"0255","18-24","Female","Right","TRUE","Midwest","0","Early Afternoon","35","Late Evening","97","Late Evening","version5"
"0605","25-40","Male","Right","TRUE","Midwest","0","Late morning (9:30am-12:00pm)","29","Early morning (earlier than 9:30am)","55","Early morning (earlier than 9:30am)","version5"
"0571","18-24","Male","Right","TRUE","Northeast","0","Late morning (9:30am-12:00pm)","35","Late afternoon (2:30pm-5pm)","100","Early evening (5pm-7:30pm)","version5"
"0530","18-24","Female","Right","TRUE","Midwest","0","Early Afternoon","43","Early Afternoon","93","Late Evening","version5"
"0291","41-60","Male","Right","TRUE","Midwest","0","Early Afternoon","32","Early Afternoon","60","Late Afternoon","version5"
"0468","18-24","Male","Right","TRUE","Midwest","0","Late Evening","22","Late Evening","49","Early Afternoon","version5"
"0370","18-24","Male","Right","TRUE","Midwest","0","Late Afternoon","53","Early Morning","226","Early Evening","version5"
"0546","18-24","Female","Left","TRUE","NA","0","Early Morning","26","Late Afternoon","49","Early Afternoon","version5"
"0513","18-24","Female","Right","TRUE","Midwest","0","Early Afternoon","39","Late Morning","65","Early Afternoon","version5"
"0337","41-60","Female","Right","TRUE","Midwest","0","Early Evening","32","Early Evening","128","Early Afternoon","version5"
"0156","18-24","male","right","TRUE","midwest","0","lateevening","36","lateevening","99","lateevening","version5"
"0446","25-40","Female","Right","TRUE","Midwest","0","Early Evening","33","Early Morning","71","Early Morning","version5"
"0680","18-24","Female","Right","TRUE","South","0","Late afternoon (2:30pm-5pm)","19","Early evening (5pm-7:30pm)","39","Early evening (5pm-7:30pm)","version5"
"0519","18-24","Female","Right","TRUE","Midwest","0","Late Morning","21","Late Evening","49","Late Evening","version5"
"0260","41-60","Female","Right","TRUE","Northeast","0","Early Evening","55","Late Morning","108","Late Morning","version5"
"0448","41-60","Female","Right","FALSE","NA","0","Late Afternoon","114","Late Evening","143","Late Afternoon","version5"
"0144","41-60","female","right","TRUE","midwest","0","earlyafternoon","28","lateafternoon","64","lateafternoon","version5"
"0383","25-40","Female","Right","FALSE","NA","0","Early Afternoon","67","Late Afternoon","88","Late Afternoon","version5"
"0090","61+","Male","Right","NA","NA","0","Late Morning","106","Late Evening","205","Late Evening","version5"
"0279","41-60","Female","Right","TRUE","Midwest","0","Early Afternoon","43","Late Morning","66","Early Afternoon","version5"
"0470","18-24","Male","Right","TRUE","Midwest","0","Early Afternoon","30","Late Evening","66","Early Afternoon","version5"
"0002","41-60","male","right","TRUE","midwest","0","latemorning","53","latemorning","98","earlyafternoon","version5"
"0500","18-24","Female","Right","TRUE","Midwest","0","Late Morning","22","Early Afternoon","41","Late Morning","version5"
"0382","18-24","Female","Right","TRUE","Midwest","0","Early Evening","155","Late Evening","187","Late Afternoon","version5"
"0562","18-24","Female","Right","TRUE","Northeast","0","Early evening (5pm-7:30pm)","43","Late evening (later than 7:30pm)","102","Early afternoon (12:00pm-2:30pm)","version5"
"0028","41-60","female","right","TRUE","midwest","0","earlyafternoon","34","earlymorning","67","earlymorning","version5"
"0525","18-24","Female","Right","TRUE","Midwest","0","Late Morning","28","Late Morning","76","Late Morning","version5"
"0535","18-24","Female","Right","TRUE","Midwest","0","Early Evening","28","Early Afternoon","54","Early Evening","version5"
"0611","61+","Male","Right","TRUE","South","0","Late morning (9:30am-12:00pm)","59","Late evening (later than 7:30pm)","54","Late evening (later than 7:30pm)","version5"
"0092","41-60","female","right","TRUE","midwest","0","earlyafternoon","35","earlymorning","67","latemorning","version5"
"0632","18-24","Female","Left","TRUE","West","0","Late afternoon (2:30pm-5pm)","40","Early afternoon (12:00pm-2:30pm)","97","Early evening (5pm-7:30pm)","version5"
"0089","25-40","male","right","TRUE","midwest","0","lateevening","44","latemorning","73","earlyafternoon","version5"
"0003","25-40","female","right","TRUE","midwest","0","earlyafternoon","21","earlyafternoon","47","earlyafternoon","version5"
"0034","25-40","female","right","TRUE","midwest","0","earlymorning","28","lateafternoon","50","lateafternoon","version5"
"0586","61+","Female","Right","TRUE","Midwest","0","Late evening (later than 7:30pm)","24","Early morning (earlier than 9:30am)","48","Late afternoon (2:30pm-5pm)","version5"
"0264","41-60","Female","Right","TRUE","South","0","Early Morning","28","Early Afternoon","66","Late Afternoon","version5"
"0199","25-40","Female","Right","TRUE","South","0","Late Afternoon","83","Early Evening","134","Early Evening","version5"
"0335","18-24","Female","Right","TRUE","South","0","Early Evening","54","Late Morning","119","Early Evening","version5"
"0456","18-24","Male","Right","TRUE","Midwest","0","Early Evening","27","Early Morning","48","Late Morning","version5"
"0223","18-24","Female","Left","TRUE","Midwest","0","Early Evening","252","Early Evening","272","Late Afternoon","version5"
"0543","18-24","Female","Right","TRUE","Midwest","0","Late Afternoon","23","Late Afternoon","47","Early Afternoon","version5"
"0662","18-24","Female","Right","TRUE","Midwest","0","Early Evening","27","Late Morning","67","Late Afternoon","version5"
"0201","25-40","Female","Right","TRUE","West","0","Late Afternoon","40","Early Afternoon","107","Early Morning","version5"
"0148","25-40","male","right","FALSE","NA","0","earlyafternoon","23","earlyafternoon","51","earlyafternoon","version5"
"0408","18-24","Female","Right","TRUE","Midwest","0","Late Morning","24","Early Evening","52","Early Evening","version5"
"0623","25-40","Female","Right","FALSE","NA","0","Early morning (earlier than 9:30am)","18","Early afternoon (12:00pm-2:30pm)","44","Early afternoon (12:00pm-2:30pm)","version5"
"0029","41-60","female","right","TRUE","midwest","0","earlymorning","47","lateevening","97","earlymorning","version5"
"0414","18-24","Female","Right","TRUE","NA","0","Late Morning","46","Late Afternoon","132","Late Morning","version5"
"0093","41-60","male","right","TRUE","midwest","0","latemorning","39","lateevening","72","lateevening","version5"
"0320","41-60","Female","Right","TRUE","Northeast","0","Late Afternoon","97","Early Morning","200","Late Evening","version5"
"0077","25-40","male","right","FALSE","NA","0","lateevening","35","earlyafternoon","69","lateevening","version5"
"0147","41-60","female","right","TRUE","midwest","0","earlyafternoon","26","earlyafternoon","50","latemorning","version5"
"0012","18-24","male","right","TRUE","northeast","0","earlyafternoon","21","earlyafternoon","58","latemorning","version5"
"0354","18-24","Female","Right","TRUE","Midwest","0","Late Afternoon","31","Late Morning","61","Early Afternoon","version5"
"0118","25-40","Male","Right","TRUE","NA","0","Late Morning","39","Late Morning","119","Late Afternoon","version5"
"0668","41-60","Female","Right","TRUE","Midwest","0","Early afternoon (12:00pm-2:30pm)","33","Late afternoon (2:30pm-5pm)","65","Late morning (9:30am-12:00pm)","version5"
"0626","18-24","Female","Right","TRUE","South","0","Late morning (9:30am-12:00pm)","33","Early morning (earlier than 9:30am)","58","Late evening (later than 7:30pm)","version5"
"0204","18-24","Female","Right","TRUE","Midwest","0","Early Afternoon","38","Late Morning","91","Early Afternoon","version5"
"0606","18-24","Male","Left","TRUE","South","0","Late afternoon (2:30pm-5pm)","49","Early evening (5pm-7:30pm)","146","Late afternoon (2:30pm-5pm)","version5"
"0554","18-24","Female","Right","TRUE","Northeast","0","Late afternoon (2:30pm-5pm)","53","Late evening (later than 7:30pm)","74","Late evening (later than 7:30pm)","version5"
"0075","61+","female","right","TRUE","midwest","0","latemorning","29","earlymorning","82","earlyafternoon","version5"
"0128","18-24","female","right","TRUE","NA","0","earlyafternoon","40","earlyafternoon","71","latemorning","version5"
"0516","18-24","Male","Right","FALSE","NA","0","Late Evening","NA","NA","242","Late Afternoon","version5"
"0644","18-24","Female","Right","TRUE","Midwest","0","Late afternoon (2:30pm-5pm)","30","Late evening (later than 7:30pm)","52","Late evening (later than 7:30pm)","version5"
"0422","25-40","Male","Left","FALSE","NA","0","Early Afternoon","23","Early Evening","54","Early Evening","version5"
"0202","25-40","Female","Right","TRUE","West","0","Early Afternoon","60","Late Afternoon","250","Early Afternoon","version5"
"0576","18-24","Female","Right","TRUE","Midwest","0","Early evening (5pm-7:30pm)","31","Late afternoon (2:30pm-5pm)","58","Late morning (9:30am-12:00pm)","version5"
"0036","18-24","female","right","TRUE","midwest","0","lateevening","36","lateevening","95","lateafternoon","version5"
"0517","25-40","Female","Right","TRUE","Midwest","0","Late Morning","21","Late Morning","42","Late Afternoon","version5"
"0682","18-24","Female","Right","TRUE","NA","0","Late morning (9:30am-12:00pm)","34","Late morning (9:30am-12:00pm)","102","Early evening (5pm-7:30pm)","version5"
"0569","25-40","Female","Right","TRUE","South","0","Early afternoon (12:00pm-2:30pm)","26","Early evening (5pm-7:30pm)","75","Late morning (9:30am-12:00pm)","version5"
"0249","25-40","Female","Right","TRUE","Midwest","0","Late Afternoon","21","Late Afternoon","135","Early Evening","version5"
"0600","41-60","Female","Right","TRUE","Midwest","0","Early evening (5pm-7:30pm)","35","Late evening (later than 7:30pm)","62","Early morning (earlier than 9:30am)","version5"
"0673","18-24","Female","Right","FALSE","NA","0","Late morning (9:30am-12:00pm)","24","Late afternoon (2:30pm-5pm)","49","Late evening (later than 7:30pm)","version5"
"0477","25-40","Female","Right","TRUE","Midwest","0","Early afternoon (12:00pm-2:30pm)","50","Late evening (later than 7:30pm)","88","Early afternoon (12:00pm-2:30pm)","version5"
"0613","18-24","Female","Right","FALSE","NA","0","Late morning (9:30am-12:00pm)","39","Late morning (9:30am-12:00pm)","163","Late afternoon (2:30pm-5pm)","version5"
"0224","41-60","Female","Right","TRUE","Midwest","0","Early Evening","31","Early Evening","54","Late Morning","version5"
"0720","18-24","Female","Right","TRUE","Midwest","0","Late afternoon (2:30pm-5pm)","31","Early evening (5pm-7:30pm)","64","Late morning (9:30am-12:00pm)","version5"
"0523","18-24","Female","Right","TRUE","Midwest","0","Early Evening","26","Late Evening","50","Late Afternoon","version5"
"0416","18-24","Female","Right","TRUE","NA","0","Early Evening","19","Early Afternoon","46","Early Afternoon","version5"
"0119","25-40","Female","Right","TRUE","Midwest","0","Early Afternoon","34","Late Morning","71","Early Morning","version5"
"0698","41-60","Female","Right","TRUE","Midwest","0","Early afternoon (12:00pm-2:30pm)","22","Early evening (5pm-7:30pm)","48","Late evening (later than 7:30pm)","version5"
"0139","61+","male","right","TRUE","west","0","lateafternoon","41","earlymorning","80","lateafternoon","version5"
"0135","25-40","female","right","FALSE","NA","0","earlyafternoon","35","earlymorning","84","earlyafternoon","version5"
"0536","18-24","Female","Right","TRUE","Midwest","0","Late Morning","29","Early Evening","66","Early Afternoon","version5"
"0040","25-40","Female","Right","TRUE","Midwest","0","Late Afternoon","99","Early Afternoon","139","Early Afternoon","version5"
"0365","41-60","Female","Right","FALSE","NA","0","Late Evening","33","Late Evening","61","Late Evening","version5"
"0560","18-24","Female","Right","TRUE","Midwest","0","Late morning (9:30am-12:00pm)","37","Late evening (later than 7:30pm)","124","Late evening (later than 7:30pm)","version5"
"0146","25-40","Female","Right","TRUE","Midwest","0","Early Afternoon","90","Late Morning","168","Early Afternoon","version5"
"0245","18-24","Female","Right","TRUE","Midwest","0","Late Afternoon","48","Late Afternoon","87","Late Afternoon","version5"
"0694","25-40","Female","Right","TRUE","Midwest","0","Early afternoon (12:00pm-2:30pm)","33","Early evening (5pm-7:30pm)","123","Early evening (5pm-7:30pm)","version5"
"0565","18-24","Female","Left","TRUE","Northeast","0","Late afternoon (2:30pm-5pm)","87","Late morning (9:30am-12:00pm)","130","Early afternoon (12:00pm-2:30pm)","version5"
"0227","41-60","Female","Right","TRUE","South","0","Early Evening","27","Late Morning","63","Early Evening","version5"
"0693","18-24","Female","Right","TRUE","Midwest","0","Early evening (5pm-7:30pm)","17","Late morning (9:30am-12:00pm)","45","Early afternoon (12:00pm-2:30pm)","version5"
"0650","25-40","NA","Right","FALSE","NA","0","Late evening (later than 7:30pm)","70","Late evening (later than 7:30pm)","99","NA","version5"
"0137","25-40","female","right","TRUE","south","0","earlyafternoon","41","earlymorning","78","earlyafternoon","version5"
"0308","18-24","Female","Right","TRUE","Midwest","0","Late Evening","70","Early Evening","95","Late Afternoon","version5"
"0695","18-24","Female","Right","TRUE","West","0","Early afternoon (12:00pm-2:30pm)","60","Early afternoon (12:00pm-2:30pm)","130","Late morning (9:30am-12:00pm)","version5"
"0712","18-24","Female","Left","TRUE","Midwest","0","Late afternoon (2:30pm-5pm)","28","Late evening (later than 7:30pm)","52","Late evening (later than 7:30pm)","version5"
"0413","25-40","Female","Right","TRUE","South","0","Late Evening","20","Late Evening","92","Late Morning","version5"
"0405","18-24","Female","Right","FALSE","NA","0","Early Evening","42","Early Evening","59","Late Afternoon","version5"
"0700","41-60","Female","Right","TRUE","Midwest","0","Late afternoon (2:30pm-5pm)","22","Late morning (9:30am-12:00pm)","55","Late evening (later than 7:30pm)","version5"
"0017","25-40","male","right","FALSE","NA","0","lateevening","30","lateevening","74","lateevening","version5"
"0388","25-40","Female","Right","TRUE","NA","0","Late Morning","100","Late Morning","133","Early Morning","version5"
"0710","41-60","Male","Left","TRUE","Northeast","0","Late afternoon (2:30pm-5pm)","54","Late afternoon (2:30pm-5pm)","77","NA","version5"
"0667","18-24","Female","Right","TRUE","Midwest","0","Late afternoon (2:30pm-5pm)","55","Late afternoon (2:30pm-5pm)","104","Late afternoon (2:30pm-5pm)","version5"
"0443","18-24","Female","Right","TRUE","Midwest","0","Late Morning","35","Early Evening","61","Early Afternoon","version5"
"0013","61+","female","right","FALSE","NA","0","lateevening","32","earlyevening","59","earlyafternoon","version5"
"0637","18-24","Female","Right","TRUE","Midwest","0","Late morning (9:30am-12:00pm)","51","Late morning (9:30am-12:00pm)","77","Early afternoon (12:00pm-2:30pm)","version5"
"0559","18-24","Male","Right","TRUE","Midwest","0","Late morning (9:30am-12:00pm)","74","Early afternoon (12:00pm-2:30pm)","74","Early afternoon (12:00pm-2:30pm)","version5"
"0564","25-40","Female","Right","TRUE","South","0","Late afternoon (2:30pm-5pm)","28","Early afternoon (12:00pm-2:30pm)","57","Early afternoon (12:00pm-2:30pm)","version5"
"0495","18-24","Female","Right","TRUE","Midwest","0","Late Evening","39","Late Afternoon","52","Late Morning","version5"
"0479","18-24","Male","Right","TRUE","Midwest","0","Late Morning","41","Early Evening","69","Late Afternoon","version5"
"0715","18-24","Female","Right","FALSE","NA","0","Early afternoon (12:00pm-2:30pm)","32","Early evening (5pm-7:30pm)","58","Early evening (5pm-7:30pm)","version5"
"0282","18-24","Male","Right","TRUE","Midwest","0","Late Evening","27","Late Evening","49","Late Evening","version5"
"0618","41-60","Female","Right","FALSE","NA","0","Late evening (later than 7:30pm)","27","Late evening (later than 7:30pm)","54","Early evening (5pm-7:30pm)","version5"
"0707","41-60","Female","Right","FALSE","NA","0","Late morning (9:30am-12:00pm)","43","Late afternoon (2:30pm-5pm)","239","Early evening (5pm-7:30pm)","version5"
"0203","25-40","Female","Right","FALSE","NA","0","Early Afternoon","60","Late Morning","129","Late Afternoon","version5"
"0409","18-24","Female","Right","TRUE","Midwest","0","Late Afternoon","28","Early Evening","52","Early Evening","version5"
"0573","61+","Female","Right","TRUE","Northeast","0","Late afternoon (2:30pm-5pm)","28","Late afternoon (2:30pm-5pm)","117","Late afternoon (2:30pm-5pm)","version5"
"0338","41-60","Female","Right","TRUE","Midwest","0","Early Afternoon","28","Late Afternoon","67","Late Afternoon","version5"
"0076","41-60","female","right","TRUE","south","0","lateevening","32","lateevening","67","lateevening","version5"
"0205","18-24","Male","Right","TRUE","Midwest","0","Early Evening","404","Early Afternoon","531","Early Afternoon","version5"
"0704","25-40","Male","Right","TRUE","Midwest","0","Late morning (9:30am-12:00pm)","20","Late afternoon (2:30pm-5pm)","47","NA","version5"
"0424","25-40","Male","Right","FALSE","NA","0","Late Afternoon","36","Late Morning","61","Early Evening","version5"
"0302","18-24","Male","Right","TRUE","Midwest","0","Early Afternoon","60","Late Afternoon","107","Late Evening","version5"
"0429","18-24","Female","Right","TRUE","Midwest","0","Late Morning","28","Early Evening","70","Late Afternoon","version5"
"0458","18-24","Male","Left","TRUE","Midwest","0","Early Evening","21","Early Afternoon","45","Late Afternoon","version5"
"0645","18-24","Female","Right","TRUE","Midwest","0","Late evening (later than 7:30pm)","21","Late evening (later than 7:30pm)","43","Late morning (9:30am-12:00pm)","version5"
"0011","18-24","male","right","TRUE","midwest","0","earlyafternoon","21","earlyafternoon","58","latemorning","version5"
"0025","41-60","male","left","TRUE","midwest","0","earlyevening","35","latemorning","82","lateevening","version5"
"0391","18-24","Female","Right","TRUE","Midwest","0","Early Afternoon","26","Late Morning","52","Late Afternoon","version5"
"0531","18-24","Male","Left","TRUE","West","0","Late Morning","28","Late Evening","50","Early Evening","version5"
"0099","25-40","Female","Right","TRUE","Midwest","0","Early Evening","125","Early Afternoon","148","Early Morning","version5"
"0587","41-60","Male","Right","TRUE","Midwest","0","Late afternoon (2:30pm-5pm)","22","Late morning (9:30am-12:00pm)","48","Late afternoon (2:30pm-5pm)","version5"
"0149","41-60","male","right","FALSE","NA","0","earlyevening","21","lateevening","46","latemorning","version5"
"0642","18-24","NA","Right","TRUE","Midwest","0","Early evening (5pm-7:30pm)","58","Late afternoon (2:30pm-5pm)","83","Early afternoon (12:00pm-2:30pm)","version5"
"0501","18-24","Female","Right","TRUE","Midwest","0","Late Evening","21","Late Evening","42","Late Evening","version5"
"0032","18-24","male","right","TRUE","midwest","0","earlyevening","23","lateafternoon","50","earlyafternoon","version5"
"0702","61+","Female","Right","TRUE","Midwest","0","Late afternoon (2:30pm-5pm)","26","Early afternoon (12:00pm-2:30pm)","49","Late afternoon (2:30pm-5pm)","version5"
"0621","18-24","Female","Right","TRUE","Midwest","0","Late afternoon (2:30pm-5pm)","55","Late evening (later than 7:30pm)","106","Late afternoon (2:30pm-5pm)","version5"
"0066","18-24","male","right","TRUE","midwest","0","earlyevening","42","lateevening","82","earlyevening","version5"
"0551","18-24","Female","Right","TRUE","West","0","Late morning (9:30am-12:00pm)","82","Early afternoon (12:00pm-2:30pm)","110","Late morning (9:30am-12:00pm)","version5"
"0599","18-24","Female","Right","TRUE","Midwest","0","Late evening (later than 7:30pm)","76","Late evening (later than 7:30pm)","115","Early morning (earlier than 9:30am)","version5"
"0636","18-24","Female","Right","TRUE","Midwest","0","Late morning (9:30am-12:00pm)","51","Late morning (9:30am-12:00pm)","80","Early afternoon (12:00pm-2:30pm)","version5"
"0306","25-40","Male","Right","TRUE","Midwest","0","Early Afternoon","132","Early Evening","151","Late Morning","version5"
"0537","18-24","Male","Right","FALSE","NA","0","Late Morning","24","Late Evening","46","Late Evening","version5"
"0186","41-60","Male","Left","TRUE","Midwest","0","Early Evening","42","Late Afternoon","83","Late Evening","version5"
"0261","25-40","Male","Right","TRUE","Midwest","0","Early Morning","27","Early Evening","62","Early Afternoon","version5"
"0480","18-24","Male","Right","TRUE","Northeast","0","Late afternoon (2:30pm-5pm)","111","Late morning (9:30am-12:00pm)","177","Late afternoon (2:30pm-5pm)","version5"
"0151","18-24","female","right","TRUE","midwest","0","lateevening","23","lateevening","44","lateevening","version5"
"0527","18-24","Female","Right","TRUE","South","0","Late Morning","21","Late Afternoon","43","Late Morning","version5"
"0317","25-40","Female","Right","TRUE","South","0","Late Afternoon","47","Late Morning","94","Early afternoon (12:00pm-2:30pm)","version5"
"0031","41-60","male","right","TRUE","midwest","0","lateevening","22","earlyevening","43","lateevening","version5"
"0080","61+","female","right","TRUE","midwest","0","lateafternoon","41","earlyevening","80","lateafternoon","version5"
"0313","18-24","Female","Right","TRUE","West","0","Early Afternoon","48","Early Afternoon","154","Early Afternoon","version5"
"0239","25-40","Female","Right","TRUE","Midwest","0","Early Afternoon","32","Late Morning","59","Early Afternoon","version5"
"0322","25-40","Female","Right","TRUE","West","0","Late Morning","70","Late Morning","148","Early Morning","version5"
"0009","18-24","female","right","TRUE","midwest","0","earlyafternoon","40","earlyafternoon","87","lateevening","version5"
"0005","18-24","male","right","TRUE","midwest","0","latemorning","21","earlyafternoon","42","latemorning","version5"
"0198","25-40","Female","Right","TRUE","South","0","Late Afternoon","83","Early Evening","132","Late Evening","version5"
"0542","18-24","Male","Left","TRUE","South","0","Early Afternoon","30","Early Afternoon","51","Early Afternoon","version5"
"0078","61+","male","right","TRUE","midwest","0","earlyafternoon","39","lateafternoon","62","latemorning","version5"
"0426","18-24","Female","Right","TRUE","Midwest","0","Early Afternoon","24","Early Afternoon","51","Late Evening","version5"
"0123","18-24","male","right","TRUE","south","0","latemorning","21","earlyafternoon","42","earlyafternoon","version5"
"0085","25-40","male","right","TRUE","midwest","0","earlyevening","27","lateafternoon","59","lateevening","version5"
"0597","25-40","Female","Right","TRUE","Midwest","0","Late evening (later than 7:30pm)","82","Early evening (5pm-7:30pm)","114","Late morning (9:30am-12:00pm)","version5"
"0234","18-24","Female","Right","TRUE","Midwest","0","Late Afternoon","23","Late Afternoon","50","Late Morning","version5"
"0220","25-40","Male","Right","TRUE","Midwest","0","Early Evening","54","Late Morning","119","Late Evening","version5"
"0341","25-40","Male","Right","FALSE","NA","0","Early Morning","32","Early Morning","62","Early Morning","version5"
"0380","NA","Female","Right","TRUE","Midwest","362","NA","0","Late Evening","415","Late Afternoon","version5"
"0534","25-40","Male","Right","TRUE","Midwest","0","Late Evening","61","Early Afternoon","90","Early afternoon (12:00pm-2:30pm)","version5"
"0293","25-40","Female","Left","TRUE","South","0","Early Evening","111","Early Evening","146","Late Morning","version5"
"0043","41-60","male","right","TRUE","midwest","0","earlymorning","70","earlyafternoon","93","earlymorning","version5"
"0280","41-60","Female","Right","TRUE","Midwest","0","Early Afternoon","28","Early Morning","53","Late Afternoon","version5"
"0130","25-40","male","left","TRUE","south","0","earlyafternoon","21","earlyafternoon","58","latemorning","version5"
"0591","41-60","Female","Right","TRUE","Midwest","0","Late afternoon (2:30pm-5pm)","22","Early evening (5pm-7:30pm)","50","Late afternoon (2:30pm-5pm)","version5"
"0086","41-60","female","right","TRUE","midwest","0","lateevening","37","lateevening","72","lateevening","version5"
"0601","18-24","Female","Right","TRUE","Midwest","0","Late Morning","40","Early Afternoon","70","Late Evening","version5"
"0229","61+","Female","Right","TRUE","Midwest","0","Early Afternoon","47","Early Morning","73","Early Morning","version5"
"0464","18-24","Female","Right","TRUE","Midwest","0","Late Morning","22","Early Afternoon","43","Early Morning","version5"
"0301","41-60","Female","Right","FALSE","NA","0","Early Evening","78","Early Afternoon","137","Late Evening","version5"
"0671","18-24","Female","Right","TRUE","Northeast","0","Late afternoon (2:30pm-5pm)","25","Early afternoon (12:00pm-2:30pm)","50","Early afternoon (12:00pm-2:30pm)","version5"
"0154","61+","male","right","TRUE","midwest","0","lateevening","44","lateevening","79","earlyevening","version5"
"0398","18-24","Female","Right","TRUE","Midwest","0","Late Afternoon","23","Late Afternoon","222","Early Afternoon","version5"
"0387","18-24","Female","Ambidextrous","TRUE","Midwest","0","Late Morning","27","Late Morning","97","Early Evening","version5"
"0639","18-24","Female","Right","TRUE","Midwest","0","Late afternoon (2:30pm-5pm)","60","Late morning (9:30am-12:00pm)","84","Early afternoon (12:00pm-2:30pm)","version5"
"0703","25-40","Female","Left","TRUE","Midwest","0","Late morning (9:30am-12:00pm)","21","Late evening (later than 7:30pm)","46","Late afternoon (2:30pm-5pm)","version5"
"0612","18-24","Female","Right","TRUE","Midwest","0","Late afternoon (2:30pm-5pm)","49","Early afternoon (12:00pm-2:30pm)","103","Late afternoon (2:30pm-5pm)","version5"
"0071","25-40","male","right","TRUE","south","0","earlyafternoon","21","earlyafternoon","58","latemorning","version5"
"0125","18-24","male","left","TRUE","midwest","0","earlyevening","42","NA","82","earlyevening","version5"
"0570","18-24","Female","Right","TRUE","Midwest","0","Late afternoon (2:30pm-5pm)","31","Late morning (9:30am-12:00pm)","88","Early afternoon (12:00pm-2:30pm)","version5"
"0691","18-24","Female","Right","TRUE","Midwest","0","Late evening (later than 7:30pm)","31","Early afternoon (12:00pm-2:30pm)","62","Late afternoon (2:30pm-5pm)","version5"
"0153","41-60","male","right","TRUE","midwest","0","earlymorning","21","latemorning","53","earlyafternoon","version5"
"0262","25-40","Female","Right","FALSE","NA","0","Late Afternoon","33","Late Afternoon","104","Late Afternoon","version5"
"0240","25-40","Female","Right","TRUE","Midwest","0","Late Evening","34","Early Evening","64","Early Evening","version5"
"0288","18-24","Female","Right","TRUE","Midwest","0","Early Evening","20","Early Evening","41","Early Evening","version5"
"0126","18-24","female","right","TRUE","midwest","0","earlyevening","42","lateevening","82","earlyevening","version5"
"0133","25-40","female","right","TRUE","west","0","latemorning","31","earlyafternoon","77","earlymorning","version5"
"0462","18-24","Female","Right","TRUE","Midwest","0","Late Evening","20","Late Afternoon","44","Early Evening","version5"
"0138","25-40","female","right","TRUE","midwest","0","earlyafternoon","21","earlyafternoon","42","latemorning","version5"
"0713","61+","Female","Right","TRUE","West","0","Early evening (5pm-7:30pm)","27","Late afternoon (2:30pm-5pm)","49","Early evening (5pm-7:30pm)","version5"
"0656","41-60","Male","Right","TRUE","Midwest","0","Early evening (5pm-7:30pm)","36","Early evening (5pm-7:30pm)","81","Late afternoon (2:30pm-5pm)","version5"
"0121","25-40","female","right","FALSE","NA","0","earlyafternoon","21","earlyafternoon","47","lateafternoon","version5"
"0532","18-24","Female","Right","TRUE","Midwest","0","Late Morning","42","Late Evening","63","Late Afternoon","version5"
"0340","25-40","Male","Right","TRUE","Midwest","0","Late evening (later than 7:30pm)","122","Early Evening","234","Late Evening","version5"
"0469","18-24","Male","Right","TRUE","Midwest","0","Late Morning","28","Late Afternoon","51","Early Afternoon","version5"
"0472","18-24","Other","Right","FALSE","NA","0","Early Afternoon","19","Late Morning","41","Late Morning","version5"
"0431","18-24","Female","Left","TRUE","Northeast","0","Early Morning","33","Early Afternoon","55","Early Afternoon","version5"
"0508","25-40","Female","Right","TRUE","West","0","Late Morning","32","Early Afternoon","70","Early Evening","version5"
"0020","61+","female","right","TRUE","midwest","0","lateafternoon","41","earlyevening","80","earlyevening","version5"
"0641","18-24","Female","Right","TRUE","Midwest","0","Late morning (9:30am-12:00pm)","53","Late morning (9:30am-12:00pm)","79","Early evening (5pm-7:30pm)","version5"
"0285","41-60","Female","Right","TRUE","Midwest","0","Early Evening","30","Late Afternoon","55","Late Morning","version5"
"0428","18-24","Male","Right","TRUE","Midwest","0","Early Afternoon","27","Late Evening","50","Early Evening","version5"
"0674","18-24","Female","Right","TRUE","Midwest","0","Late afternoon (2:30pm-5pm)","23","Early afternoon (12:00pm-2:30pm)","49","Early afternoon (12:00pm-2:30pm)","version5"
"0594","18-24","Male","Right","TRUE","Midwest","0","Late evening (later than 7:30pm)","35","Late evening (later than 7:30pm)","72","Late evening (later than 7:30pm)","version5"
"0333","41-60","Male","Left","TRUE","Midwest","0","NA","55","Late Evening","NA","NA","version5"
"0664","18-24","Female","Right","TRUE","Midwest","0","Early Afternoon","21","Early Afternoon","49","Late Afternoon","version5"
"0281","25-40","Female","Right","TRUE","Midwest","0","Early Afternoon","31","Late Evening","NA","Early Afternoon","version5"
"0312","18-24","Female","Right","TRUE","Midwest","0","Late Morning","57","Early Morning","127","Late Evening","version5"
"0402","18-24","Female","Left","TRUE","Midwest","0","Late Morning","23","Late Evening","43","Late Evening","version5"
"0024","18-24","female","right","TRUE","midwest","0","lateafternoon","29","latemorning","59","latemorning","version5"
"0286","41-60","Male","Right","TRUE","Midwest","0","Early Evening","21","Early Afternoon","50","Early Morning","version5"
"0677","25-40","Female","Right","FALSE","NA","0","Late morning (9:30am-12:00pm)","29","Late morning (9:30am-12:00pm)","57","Late afternoon (2:30pm-5pm)","version5"
"0548","41-60","Male","Right","TRUE","Midwest","0","Late morning (9:30am-12:00pm)","33","Late morning (9:30am-12:00pm)","129","Early afternoon (12:00pm-2:30pm)","version5"
"0018","61+","female","right","TRUE","midwest","0","earlyevening","38","lateafternoon","61","latemorning","version5"
"0465","18-24","Female","Right","TRUE","Midwest","0","Early evening (5pm-7:30pm)","21","Early evening (5pm-7:30pm)","34","Early evening (5pm-7:30pm)","version5"
"0069","18-24","female","left","TRUE","midwest","0","earlyafternoon","38","lateevening","61","latemorning","version5"
"0393","18-24","Female","Right","TRUE","Midwest","0","Early Afternoon","27","Late Evening","129","Late Morning","version5"
"0287","18-24","Female","Left","TRUE","Midwest","0","Early Afternoon","39","Early Afternoon","66","Late Morning","version5"
"0041","41-60","Female","Right","TRUE","West","0","Late Afternoon","105","Early Afternoon","155","Late Afternoon","version5"
"0033","41-60","female","right","TRUE","midwest","0","earlyafternoon","34","earlymorning","83","earlyevening","version5"
"0529","25-40","Female","Right","TRUE","Midwest","0","Early Afternoon","91","Early Afternoon","68","Early Afternoon","version5"
"0200","18-24","Female","Right","TRUE","West","0","Late Morning","89","Late Afternoon","183","Early Afternoon","version5"
"0604","18-24","Male","Right","TRUE","Midwest","0","Late Morning","46","Early Morning","80","Early Evening","version5"
"0638","18-24","Female","Left","TRUE","Midwest","0","Late afternoon (2:30pm-5pm)","27","Early evening (5pm-7:30pm)","51","Late evening (later than 7:30pm)","version5"
"0622","25-40","Female","Right","TRUE","Midwest","0","Late evening (later than 7:30pm)","69","Early afternoon (12:00pm-2:30pm)","121","Late evening (later than 7:30pm)","version5"
"0004","18-24","female","ambidextrous","TRUE","NA","0","latemorning","21","earlyafternoon","44","earlymorning","version5"
"0038","41-60","female","left","TRUE","midwest","0","lateafternoon","23","lateevening","54","earlymorning","version5"
"0497","41-60","Female","Right","TRUE","Midwest","0","Early Afternoon","24","Early Afternoon","48","Early Afternoon","version5"
"0577","18-24","Female","Right","TRUE","West","0","Late afternoon (2:30pm-5pm)","34","Late morning (9:30am-12:00pm)","83","Late evening (later than 7:30pm)","version5"
"0364","25-40","Female","Right","TRUE","Midwest","0","Late Afternoon","26","Late Morning","52","Late Evening","version5"
"0620","18-24","Female","Right","TRUE","West","0","Early evening (5pm-7:30pm)","24","Early afternoon (12:00pm-2:30pm)","44","Late afternoon (2:30pm-5pm)","version5"
"0524","18-24","Female","Right","TRUE","Midwest","0","Early Afternoon","34","Early Afternoon","112","Late Evening","version5"
"0592","41-60","Female","Right","TRUE","West","0","Late afternoon (2:30pm-5pm)","21","Late afternoon (2:30pm-5pm)","51","Early morning (earlier than 9:30am)","version5"
"0615","41-60","Male","Right","FALSE","NA","0","Late morning (9:30am-12:00pm)","26","Late afternoon (2:30pm-5pm)","51","Early afternoon (12:00pm-2:30pm)","version5"
"0371","18-24","Female","Right","TRUE","Midwest","0","Late Afternoon","163","Early Afternoon","193","Early Evening","version5"
"0379","18-24","Female","Right","TRUE","Midwest","0","Early Evening","26","Late Evening","54","Late Evening","version5"
"0160","18-24","Male","Right","TRUE","Midwest","0","Early Evening","102","Late Morning","139","Late Afternoon","version5"
"0550","18-24","Female","Right","TRUE","Midwest","0","Early afternoon (12:00pm-2:30pm)","28","Early evening (5pm-7:30pm)","49","Early evening (5pm-7:30pm)","version5"
"0692","25-40","Female","Right","TRUE","South","0","Early afternoon (12:00pm-2:30pm)","31","Early afternoon (12:00pm-2:30pm)","56","Early morning (earlier than 9:30am)","version5"
"0157","18-24","Male","Right","TRUE","Midwest","0","Early Evening","25","Early Afternoon","58","Evening","version5"
"0124","18-24","female","left","TRUE","midwest","0","earlyevening","24","earlyafternoon","52","lateevening","version5"
"0023","25-40","female","left","TRUE","midwest","0","earlyafternoon","35","earlymorning","64","latemorning","version5"
"0348","25-40","Female","Right","TRUE","South","0","Late Morning","175","Early Morning","206","Late Evening","version5"
"0142","25-40","female","right","TRUE","midwest","0","latemorning","46","latemorning","79","earlyevening","version5"
"0355","18-24","Male","Right","TRUE","Midwest","0","Early Evening","55","Early Afternoon","80","Late Afternoon","version5"
"0271","41-60","Female","Right","TRUE","Midwest","0","Late Afternoon","71","Late Afternoon","120","Late Evening","version5"
"0397","18-24","Male","Right","TRUE","Midwest","0","Early Evening","22","Late Morning","62","Late Morning","version5"
"0184","18-24","Female","Left","TRUE","Midwest","0","Early Morning","30","Late Evening","200","Late Afternoon","version5"
"0624","18-24","Female","Right","TRUE","South","0","Late morning (9:30am-12:00pm)","25","Late evening (later than 7:30pm)","52","Late afternoon (2:30pm-5pm)","version5"
"0719","18-24","Female","Right","TRUE","West","0","Late afternoon (2:30pm-5pm)","25","Early evening (5pm-7:30pm)","52","Late evening (later than 7:30pm)","version5"
"0367","25-40","Female","Right","TRUE","Northeast","0","Early Evening","24","Late Afternoon","48","Late Afternoon","version5"
"0485","18-24","Female","Right","TRUE","Midwest","0","Early Evening","44","Early Evening","74","Early Afternoon","version5"
"0657","61+","Female","Right","TRUE","Midwest","0","Late afternoon (2:30pm-5pm)","38","Late evening (later than 7:30pm)","71","Late morning (9:30am-12:00pm)","version5"
"0688","18-24","Female","Right","TRUE","South","0","Late afternoon (2:30pm-5pm)","52","Late morning (9:30am-12:00pm)","93","Late morning (9:30am-12:00pm)","version5"
"0246","18-24","Female","Right","TRUE","Midwest","0","Late Morning","22","Late Afternoon","84","Late Morning","version5"
"0407","18-24","Female","Right","TRUE","Midwest","0","Early Evening","27","Late Afternoon","49","Early Evening","version5"
"0549","18-24","Female","Right","TRUE","West","0","Early afternoon (12:00pm-2:30pm)","30","Early morning (earlier than 9:30am)","58","Late morning (9:30am-12:00pm)","version5"
"0466","41-60","Male","Right","TRUE","Midwest","0","Early Evening","47","Late Morning","68","Early Afternoon","version5"
"0439","25-40","Female","Right","TRUE","South","0","Late Evening","40","Early Evening","70","Early Evening","version5"
"0136","41-60","female","left","TRUE","midwest","0","earlyafternoon","34","earlymorning","67","earlymorning","version5"
"0653","25-40","Female","Right","TRUE","Midwest","0","Late afternoon (2:30pm-5pm)","23","Late afternoon (2:30pm-5pm)","67"," Early afternoon (12:00pm-2:30pm)","version5"
"0073","61+","male","right","FALSE","NA","0","lateevening","32","earlyevening","59","earlyafternoon","version5"
"0334","41-60","Male","Right","TRUE","South","0","Early Evening","41","Late Afternoon","81","Late Afternoon","version5"
"0669","18-24","Female","Right","TRUE","Northeast","0","Late evening (later than 7:30pm)","41","Early evening (5pm-7:30pm)","87","Early afternoon (12:00pm-2:30pm)","version5"
"0212","61+","Female","Right","TRUE","Midwest","0","Late Morning","55","Late Afternoon","266","Late Afternoon","version5"
"0088","18-24","male","right","FALSE","NA","0","earlyafternoon","28","earlyafternoon","53","earlyafternoon","version5"
"0277","41-60","Female","Right","TRUE","Midwest","0","Early Evening","41","Late Afternoon","81","Late Afternoon","version5"
"0619","18-24","Female","Right","TRUE","Midwest","0","Late evening (later than 7:30pm)","33","Late evening (later than 7:30pm)","72","Late evening (later than 7:30pm)","version5"
"0284","25-40","Female","Right","TRUE","Midwest","0","Late Morning","24","Early Afternoon","49","Early Afternoon","version5"
"0064","18-24","female","right","TRUE","south","0","latemorning","21","earlyafternoon","42","earlyafternoon","version5"
"0475","18-24","Female","Right","TRUE","South","0","Early Afternoon","35","Early Afternoon","86","Late afternoon (2:30pm-5pm)","version5"
"0444","25-40","Male","Left","TRUE","Midwest","0","Late Morning","28","Early Afternoon","191","Early Evening","version5"
"0001","25-40","female","right","TRUE","midwest","0","earlyafternoon","26","latemorning","47","earlyafternoon","version5"
"0557","18-24","Female","Right","TRUE","Northeast","0","Early afternoon (12:00pm-2:30pm)","17","Early afternoon (12:00pm-2:30pm)","53","Late afternoon (2:30pm-5pm)","version5"
"0145","25-40","male","right","TRUE","midwest","0","lateevening","27","latemorning","62","lateevening","version5"
"0226","41-60","Male","Right","TRUE","Midwest","0","Early Morning","30","Late Afternoon","55","Late Morning","version5"
"0134","25-40","male","right","TRUE","west","0","earlyafternoon","26","earlyevening","89","lateevening","version5"
"0095","41-60","female","right","TRUE","midwest","0","lateevening","36","lateevening","95","lateafternoon","version5"
"0706","18-24","Female","Right","TRUE","Midwest","0","Early afternoon (12:00pm-2:30pm)","23","Late morning (9:30am-12:00pm)","50","Late evening (later than 7:30pm)","version5"
"0263","25-40","Female","Right","FALSE","NA","0","Late Morning","30","Early Afternoon","100","Early Evening","version5"
"0510","18-24","Female","Right","TRUE","Northeast","0","Late Morning","24","Early Afternoon","63","Late Morning","version5"
"0463","25-40","Female","Right","TRUE","Midwest","0","Late Afternoon","37","Late Morning","68","Late Morning","version5"
"0351","25-40","Male","Right","TRUE","Midwest","0","Late Afternoon","263","Early Afternoon","206","Late Evening","version5"
"0400","18-24","Female","Right","TRUE","Midwest","0","Late Evening","69","Late Morning","105","Late Morning","version5"
"0481","18-24","Male","Right","NA","NA","0","Early Evening","128","Late Afternoon","155","Early Morning","version5"
"0350","41-60","Female","Right","TRUE","Midwest","0","Late Afternoon","35","Late Morning","72","Late Morning","version5"
"0027","41-60","female","right","TRUE","midwest","0","earlyafternoon","22","earlyafternoon","49","latemorning","version5"
"0131","25-40","female","right","TRUE","south","0","earlyafternoon","21","earlyafternoon","58","latemorning","version5"
"0304","41-60","Male","Right","TRUE","Midwest","0","Early Evening","71","Early Evening","194","Late Morning","version5"
"0660","18-24","Female","Left","TRUE","Midwest","0","Late afternoon (2:30pm-5pm)","33","Late morning (9:30am-12:00pm)","68","Early afternoon (12:00pm-2:30pm)","version5"
"0575","25-40","Female","Right","TRUE","Northeast","0","Late afternoon (2:30pm-5pm)","96","Late afternoon (2:30pm-5pm)","152","Late morning (9:30am-12:00pm)","version5"
"0436","18-24","Male","Right","TRUE","Midwest","0","Late Morning","186","Late Afternoon","210","Late Afternoon","version5"
"0353","25-40","Male","Right","TRUE","Midwest","0","Late Morning","40","Late Afternoon","69","Early Morning","version5"
"0714","18-24","Female","Right","TRUE","Midwest","0","Early afternoon (12:00pm-2:30pm)","21","Early afternoon (12:00pm-2:30pm)","48","Early evening (5pm-7:30pm)","version5"
"0396","18-24","Female","Right","TRUE","Midwest","0","Early Afternoon","64","Late Evening","102","Early Afternoon","version5"
"0533","18-24","Female","Right","TRUE","Midwest","0","Early Afternoon","44","Late Afternoon","62","Late Evening","version5"
"0152","18-24","male","right","TRUE","midwest","0","earlymorning","21","earlyafternoon","52","latemorning","version5"
"0063","18-24","female","left","TRUE","midwest","0","earlyafternoon","21","earlyafternoon","47","earlyafternoon","version5"
"0087","41-60","female","right","TRUE","midwest","0","earlyafternoon","27","latemorning","50","earlymorning","version5"
"0588","41-60","Female","Right","TRUE","Midwest","0","Late afternoon (2:30pm-5pm)","22","Early morning (earlier than 9:30am)","48","Late morning (9:30am-12:00pm)","version5"
"0617","18-24","Female","Right","TRUE","South","0","Late afternoon (2:30pm-5pm)","35","Late evening (later than 7:30pm)","60","Late morning (9:30am-12:00pm)","version5"
"0685","18-24","Female","Right","TRUE","Midwest","0","Late evening (later than 7:30pm)","32","Late morning (9:30am-12:00pm)","63","Late afternoon (2:30pm-5pm)","version5"
"0026","18-24","male","right","TRUE","midwest","0","latemorning","21","latemorning","45","earlyafternoon","version5"
"0368","18-24","Female","Left","TRUE","Midwest","0","Late Morning","34","Late Morning","58","Late Morning","version5"
"0451","18-24","Female","Right","TRUE","Midwest","0","Late Morning","400","Early Evening","422","Early Afternoon","version5"
"0502","25-40","Female","Right","FALSE","NA","0","Early Morning","28","Early Evening","112","Late Evening","version5"
"0082","41-60","male","right","TRUE","midwest","0","lateafternoon","32","earlyafternoon","82","lateafternoon","version5"
"0467","18-24","Male","Right","TRUE","Midwest","0","Late Evening","27","Early Afternoon","47","Late Evening","version5"
"0634","25-40","Female","Right","TRUE","West","0","Early afternoon (12:00pm-2:30pm)","34","Early evening (5pm-7:30pm)","88","Late afternoon (2:30pm-5pm)","version5"
"0699","61+","Female","Left","TRUE","Midwest","0","Late afternoon (2:30pm-5pm)","23","Late afternoon (2:30pm-5pm)","51","Early afternoon (12:00pm-2:30pm)","version5"
"0297","18-24","Female","Right","TRUE","Midwest","0","Early Afternoon","34","Early Afternoon","60","Early Afternoon","version5"
"0022","25-40","female","right","FALSE","NA","0","earlymorning","34","lateevening","71","earlyafternoon","version5"
"0330","41-60","Female","Right","TRUE","Midwest","0","Early Afternoon","35","Early Evening","93","Late Evening","version5"
"0627","41-60","Male","Right","TRUE","Midwest","0","Early afternoon (12:00pm-2:30pm)","31","Late afternoon (2:30pm-5pm)","109","Late morning (9:30am-12:00pm)","version5"
"0129","41-60","female","right","TRUE","midwest","0","lateafternoon","34","lateafternoon","66","lateafternoon","version5"
"0412","18-24","Female","Right","TRUE","Midwest","0","Late Afternoon","28","Late Afternoon","52","Early Evening","version5"
"0598","25-40","Male","Left","TRUE","Midwest","0","Early evening (5pm-7:30pm)","82","Early evening (5pm-7:30pm)","114","Late morning (9:30am-12:00pm)","version5"
"0132","25-40","Male","Right","TRUE","South","0","Late Morning","32","Early Evening","121","Late Evening","version5"
"0630","18-24","Female","Right","TRUE","Midwest","0","Late afternoon (2:30pm-5pm)","39","Early afternoon (12:00pm-2:30pm)","NA","Early afternoon (12:00pm-2:30pm)","version5"
"0440","18-24","Female","Left","TRUE","Midwest","0","Late Evening","49","Late Evening","77","Late Afternoon","version5"
"0242","41-60","Female","Right","FALSE","NA","0","Late Afternoon","29","Late Afternoon","129","Late Afternoon","version5"
"0445","18-24","Female","Right","TRUE","Midwest","0","Early Afternoon","33","Late Morning","111","Late Morning","version5"
"0381","41-60","Male","Right","TRUE","Midwest","0","Early Evening","44","Late Evening","68","Early Morning","version5"
"0666","41-60","Male","Right","TRUE","Northeast","0","Late morning (9:30am-12:00pm)","35","Late morning (9:30am-12:00pm)","63","Late afternoon (2:30pm-5pm)","version5"
"0538","18-24","Female","Right","TRUE","Midwest","0","Early Morning","22","Early Evening","44","Early Afternoon","version5"
"0433","18-24","Female","Right","TRUE","Midwest","0","Late Afternoon","27","Late Morning","48","Early Afternoon","version5"
"0579","18-24","Male","Right","TRUE","Midwest","0","Late evening (later than 7:30pm)","35","Late evening (later than 7:30pm)","60","Late evening (later than 7:30pm)","version5"
"0102","25-40","Female","Right","TRUE","Northeast","0","Early Evening","97","Late Evening","130","Early Evening","version5"
"0640","18-24","Male","Right","TRUE","Midwest","0","NA","42","Early evening (5pm-7:30pm)","70","Early evening (5pm-7:30pm)","version5"
"0016","18-24","female","right","TRUE","midwest","0","latemorning","21","earlymorning","42","earlymorning","version5"
"0143","41-60","female","right","TRUE","midwest","0","lateafternoon","29","NA","55","lateafternoon","version5"
"0342","18-24","Male","Right","TRUE","Midwest","0","Early Evening","22","Late Morning","44","Late Afternoon","version5"
"0678","18-24","Female","Right","TRUE","South","0","Late afternoon (2:30pm-5pm)","41","Early evening (5pm-7:30pm)","75","Late afternoon (2:30pm-5pm)","version5"
"0498","25-40","Female","Right","TRUE","NA","0","Late Evening","26","Early Afternoon","55","Late Evening","version5"
"0074","25-40","male","left","TRUE","midwest","0","earlyafternoon","23","earlymorning","49","latemorning","version5"
"0155","41-60","male","right","TRUE","midwest","0","lateevening","36","lateevening","99","lateevening","version5"
"0403","18-24","Female","Right","FALSE","NA","401","Early Afternoon","421","Late Afternoon","0","Late Morning","version5"
"0015","41-60","female","right","TRUE","midwest","0","lateevening","39","earlymorning","78","lateafternoon","version5"
"0665","18-24","Male","Right","TRUE","Midwest","0","Late Evening","26","Late Evening","56","Early Afternoon","version5"
"0352","61+","Female","Right","TRUE","Midwest","0","Early Afternoon","35","Late Morning","65","Late Morning","version5"
"0091","41-60","female","right","TRUE","midwest","0","lateevening","22","lateafternoon","43","lateevening","version5"
"0489","18-24","Female","Right","TRUE","Midwest","0","Late Morning","24","Early Afternoon","57","Early Evening","version5"
"0193","61+","Female","Right","TRUE","West","0","Early Morning","32","Late Afternoon","58","Late Afternoon","version5"
"0526","18-24","Female","Right","TRUE","Midwest","0","Late Morning","29","Early Evening","66","Early Evening","version5"
"0232","41-60","Female","Right","TRUE","Northeast","0","Late Morning","28","Late Morning","62","Late Afternoon","version5"
"0709","25-40","Female","Right","FALSE","NA","0","Early evening (5pm-7:30pm)","35","Early evening (5pm-7:30pm)","83","Late evening (later than 7:30pm)","version5"
"0647","41-60","Female","Right","TRUE","Midwest","0","Early evening (5pm-7:30pm)","28","Late morning (9:30am-12:00pm)","56","Early evening (5pm-7:30pm)","version5"
